0,1,2,3,4,5,6,7,8
108.90818014705883,250.46502757352943,165.7767463235294,144.37738970588236,183.5321231617647,182.6258731617647,69.69715073529412,15.643520220588234,102.63782169117647
137.47054227941177,152.5946231617647,149.24241727941177,128.2130974264706,99.60211397058823,118.51819852941176,88.33304227941177,53.160661764705885,78.49770220588235
87.7890625,164.4344669117647,124.51576286764706,54.87068014705882,62.148759191176474,55.26364889705882,34.383363970588235,29.65018382352941,31.831755514705883
73.10059742647059,82.02522977941176,79.78823529411764,28.286488970588234,40.760064338235296,35.961488970588235,18.81295955882353,35.3625,33.1725643382353
75.50758272058823,115.68451286764706,90.19926470588236,143.03984375,149.64558823529413,142.39921875,97.59430147058823,63.951976102941174,85.47996323529412
204.53883272058823,202.2579044117647,215.7165900735294,105.98800551470588,102.91525735294118,120.90045955882353,71.01530330882353,56.63644301470588,76.76286764705883
80.10537683823529,228.86465992647058,159.79260110294118,150.47472426470588,154.7619944852941,157.4738051470588,125.69237132352941,113.87734375,125.37509191176471
89.68423713235295,195.97688419117648,131.58492647058824,144.14765625,134.57224264705883,132.4288143382353,144.47697610294117,118.4400275735294,128.00441176470588
68.66383272058823,203.45317095588234,140.39411764705883,170.1432444852941,174.84411764705882,172.69710477941177,125.86401654411765,135.41153492647058,131.9811580882353
204.65762867647058,249.47210477941175,242.92035845588236,90.51760110294117,100.55386029411764,100.66966911764706,70.62573529411765,76.12104779411764,74.63111213235294
118.41695772058823,247.21534926470588,191.87265625,134.1334099264706,147.14659926470588,139.60151654411766,99.48910845588236,92.80611213235294,93.86976102941176
136.71709558823528,125.03782169117648,134.25698529411764,169.9522518382353,151.75611213235294,161.88998161764707,100.64044117647059,97.90174632352941,101.46893382352941
87.76383272058824,123.6328125,108.99590992647059,156.66112132352941,152.22311580882354,162.8728400735294,101.06181066176471,27.02858455882353,95.35225183823529
86.56888786764706,79.10197610294118,81.57182904411765,99.35101102941177,90.90519301470589,92.97389705882352,79.45022977941177,76.48791360294118,77.25625
71.75822610294118,132.7394301470588,108.79379595588236,109.15969669117646,138.4063419117647,126.4712775735294,83.15340073529411,115.77918198529412,101.35790441176471
210.08092830882353,224.32513786764707,220.62817095588235,140.90735294117647,137.61755514705882,142.61098345588235,72.071875,36.56245404411764,52.475551470588236
205.25395220588234,222.8217830882353,213.40271139705882,74.14627757352942,96.32109375,84.86704963235294,5.962821691176471,13.123805147058823,7.932766544117647
123.07863051470588,110.69430147058823,124.03938419117647,85.64779411764705,65.28115808823529,77.66930147058824,135.67288602941176,108.44990808823529,126.21727941176471
103.80919117647059,118.44154411764706,115.0680606617647,64.37909007352941,71.34949448529412,70.70965073529412,29.975735294117648,27.54545036764706,30.66374080882353
130.92743566176472,195.70868566176472,195.00252757352942,158.45896139705883,195.3783088235294,196.68763786764706,140.71447610294118,116.39935661764706,124.80257352941176
163.07964154411764,160.79255514705883,155.82150735294118,181.85211397058825,179.24094669117648,179.05611213235295,96.4561580882353,123.73377757352941,117.25574448529412
80.60560661764706,161.62610294117647,133.45827205882352,115.5046875,112.19375,119.43547794117647,15.867141544117647,83.03915441176471,52.55229779411765
158.39163602941176,176.13892463235294,174.07904411764707,70.88970588235294,65.34655330882353,83.15804227941176,73.40234375,60.381663602941174,85.89021139705882
178.04972426470587,194.47366727941176,179.44457720588235,159.35340073529412,161.1047794117647,158.56672794117648,112.39719669117648,58.571507352941175,93.8724724264706
149.2397518382353,200.8295955882353,183.42293198529413,121.68685661764705,122.76911764705882,116.65611213235294,140.24503676470587,122.62389705882353,120.77582720588235
52.01525735294118,203.1076286764706,147.39145220588236,70.76001838235294,78.58488051470589,95.55257352941176,60.371875,73.69439338235294,88.75307904411764
152.35261948529413,253.66640625,217.9910386029412,96.37385110294117,95.47830882352942,113.82918198529411,92.66420036764706,56.292463235294115,92.87904411764706
102.50454963235295,173.56305147058825,160.26130514705883,78.76355698529412,102.446875,85.75533088235294,114.9673713235294,104.46608455882352,108.91980698529412
224.6030330882353,193.04742647058825,217.74627757352943,99.39595588235294,48.0124080882353,111.34728860294118,78.43782169117647,34.71176470588235,108.34908088235294
104.97564338235294,118.66796875,120.88079044117647,112.36668198529412,48.86796875,112.38639705882353,92.94085477941177,36.965579044117646,97.43745404411764
34.54857536764706,220.46351102941176,124.0078125,93.07807904411764,108.6236213235294,123.33313419117647,106.95914522058824,69.6280330882353,96.86488970588235
127.53864889705882,226.67435661764705,173.24889705882353,70.43878676470588,62.05220588235294,82.76516544117646,74.03534007352941,55.292003676470586,84.72913602941176
246.50758272058823,249.61668198529412,250.4816176470588,102.06852022058824,99.31511948529412,110.6266544117647,60.465579044117646,61.42279411764706,67.16548713235294
184.26732536764706,245.36686580882352,209.44940257352943,113.11070772058824,119.39820772058823,122.94678308823529,110.9124080882353,46.92518382352941,38.79811580882353
116.49898897058823,192.79728860294117,172.33428308823528,68.56272977941177,195.41360294117646,164.96112132352943,48.662913602941174,39.49820772058823,55.83961397058823
73.88088235294117,105.10896139705882,108.44457720588235,138.18497242647058,102.20151654411765,163.22941176470587,165.13772977941176,122.40073529411765,182.03483455882352
132.2487132352941,253.4640625,192.4464613970588,134.7009650735294,170.24172794117646,165.60174632352943,111.93180147058824,73.72265625,104.13069852941176
118.41199448529412,201.68235294117648,155.26976102941177,90.18373161764706,106.30560661764706,120.46971507352941,106.39742647058823,114.57688419117648,132.2916819852941
94.43396139705882,173.73184742647058,134.29057904411764,106.81213235294118,68.40050551470588,110.74673713235295,86.71714154411765,44.47683823529412,83.62872242647059
144.82826286764706,191.0366268382353,180.8515625,114.63465073529412,90.97899816176471,103.25418198529412,112.30739889705882,67.90739889705883,77.7256893382353
143.50473345588236,189.17624080882354,167.2920955882353,117.14011948529412,51.75886948529412,125.36608455882353,106.50569852941176,57.54172794117647,109.17771139705883
82.21773897058823,123.99963235294118,100.52293198529412,232.88648897058823,229.08033088235294,227.12063419117646,209.92385110294117,203.77826286764707,204.3296875
139.25482536764707,143.85730698529412,167.47173713235293,109.9165900735294,70.58336397058824,152.95597426470587,99.03704044117647,54.372702205882355,141.8644301470588
163.68648897058824,244.5260569852941,217.19508272058823,136.1462775735294,204.93570772058823,186.33083639705882,27.616176470588236,29.6546875,47.98814338235294
181.04223345588235,210.01171875,204.89650735294117,76.57876838235295,63.19397977941176,105.25096507352941,54.446461397058826,46.159650735294115,81.92477022058823
191.8392463235294,230.94223345588236,202.4186580882353,97.72003676470588,61.03828125,134.5988051470588,28.09159007352941,13.643336397058823,87.9908088235294
83.7061580882353,199.26332720588235,148.68198529411765,79.83267463235295,142.11383272058825,120.3063419117647,46.482306985294116,28.327573529411765,37.79954044117647
181.28290441176472,211.1135569852941,190.47826286764706,122.87821691176471,106.83216911764706,133.76663602941176,112.84655330882353,54.245542279411765,126.28299632352942
118.90739889705883,182.74352022058824,173.97748161764707,114.93809742647059,82.40500919117648,181.2951286764706,96.64209558823529,68.378125,157.59967830882354
97.70050551470588,185.05082720588234,140.53373161764705,108.35340073529412,146.975,123.51557904411764,80.43327205882353,138.3796875,103.33529411764705
24.542049632352942,160.10464154411764,80.51222426470588,40.95551470588235,31.571047794117646,64.87113970588236,72.31075367647058,48.45914522058823,93.03924632352941
48.596461397058825,133.0206801470588,87.77049632352941,82.22205882352941,147.8411305147059,114.15101102941176,54.00105698529412,40.51557904411764,71.83722426470588
85.15225183823529,95.65188419117646,95.57077205882354,105.18308823529412,73.91167279411765,112.18552389705883,123.21916360294118,27.450919117647057,113.59986213235294
85.83791360294117,110.13708639705882,104.90101102941176,92.89627757352942,58.94549632352941,102.98175551470588,98.62541360294118,16.704779411764704,102.58175551470588
191.79163602941176,231.35845588235293,217.69453125,79.01645220588236,105.44811580882353,96.91700367647059,88.1827205882353,74.4110294117647,77.92633272058823
61.465625,85.76966911764706,76.0984375,64.38327205882354,60.33111213235294,67.81240808823529,136.75675551470587,118.85036764705882,133.3548713235294
106.82228860294117,124.32568933823529,142.9999080882353,115.9547794117647,61.544577205882355,122.92072610294117,141.41158088235295,62.90229779411764,139.62362132352942
114.09338235294118,217.80519301470588,151.66631433823528,150.12297794117646,91.73506433823529,164.3171875,151.26107536764707,52.93166360294118,151.08699448529413
98.44485294117646,132.31737132352941,123.54503676470588,107.07458639705882,81.29710477941177,110.84784007352941,164.21328125,91.15528492647059,150.73676470588236
23.030101102941178,117.85942095588236,62.49094669117647,83.86213235294117,164.27757352941177,111.15528492647059,128.13147977941176,184.79664522058823,142.43129595588235
40.8313419117647,197.3170955882353,109.36930147058824,70.72146139705882,117.83028492647058,102.41392463235294,63.27477022058824,45.51645220588235,95.71567095588236
70.71387867647059,230.59016544117648,124.44333639705883,123.77215073529412,34.777849264705885,118.19522058823529,114.07012867647059,28.43998161764706,112.28488051470588
51.35850183823529,190.97550551470587,105.76672794117647,110.42444852941176,148.28460477941175,132.43800551470588,46.50220588235294,35.77591911764706,70.62826286764705
80.17026654411765,158.85620404411765,124.42729779411765,164.49352022058824,22.602619485294117,138.85114889705883,114.71493566176471,22.206479779411765,113.73396139705882
157.56236213235294,180.8125919117647,181.70261948529412,166.6211856617647,102.51746323529412,171.42591911764706,204.64503676470588,10.83267463235294,180.70951286764705
80.528125,138.42371323529412,114.59420955882354,61.564154411764704,89.08768382352942,75.64057904411764,140.33152573529412,91.4366268382353,108.25436580882354
110.36204044117648,155.2381893382353,144.98625919117646,177.05330882352942,47.819761029411765,173.2905330882353,154.34080882352941,19.78143382352941,159.25629595588236
65.29696691176471,140.69264705882352,107.2513786764706,117.69076286764705,136.7994944852941,142.18207720588236,163.19940257352943,32.73864889705882,154.36309742647057
98.48952205882352,143.98469669117648,116.91842830882354,124.59604779411765,110.81236213235294,135.07702205882353,159.22518382352942,85.4109375,175.46819852941175
198.1381893382353,203.31764705882352,204.14673713235294,51.97325367647059,51.441498161764706,78.5438419117647,40.20951286764706,55.14283088235294,65.0873161764706
135.24545036764707,178.73046875,167.3149356617647,102.20519301470588,94.23511029411765,128.23676470588236,91.58648897058823,71.85730698529412,128.53019301470587
116.78423713235294,173.27748161764706,136.82417279411766,140.6595588235294,71.54765625,132.6295955882353,132.74834558823528,28.81888786764706,118.60900735294118
114.25390625,136.00942095588235,123.11842830882352,160.1483455882353,97.59338235294118,154.909375,69.43340992647059,36.725551470588236,94.04820772058824
155.14227941176472,168.9203125,161.28667279411764,120.35643382352941,22.937270220588236,111.37127757352941,116.34995404411765,15.8640625,107.66148897058824
123.61723345588236,187.5883731617647,152.38625919117646,66.1771599264706,53.45721507352941,90.70206801470589,92.35620404411765,58.775,119.70073529411765
120.43745404411764,212.82242647058823,148.8452205882353,149.10753676470588,64.8736213235294,161.7229319852941,137.63878676470588,38.99632352941177,151.65009191176472
182.58276654411765,222.37261029411764,204.67817095588236,113.80785845588235,140.39944852941176,132.50735294117646,59.800689338235294,66.54241727941177,70.96994485294118
156.52362132352943,200.41714154411764,171.36190257352942,161.10045955882353,143.60914522058823,154.38184742647059,206.34751838235294,92.66410845588236,164.5119944852941
166.50091911764707,194.23515625,172.27265625,121.47440257352942,42.532444852941175,116.26001838235294,79.85510110294118,23.519761029411764,77.50220588235294
123.69379595588235,152.6217830882353,144.48097426470588,98.33442095588235,46.66544117647059,121.3736213235294,84.01185661764706,23.702895220588236,112.36714154411764
125.28442095588235,189.6935661764706,154.09724264705883,67.31796875,53.42830882352941,91.72049632352942,92.48488051470588,59.14329044117647,119.70670955882353
70.61355698529412,168.54517463235294,118.25753676470588,111.07927389705883,184.60969669117648,147.15252757352943,151.02532169117646,169.2631893382353,165.63295036764706
97.1939338235294,199.6419117647059,166.50427389705882,67.92522977941177,84.49990808823529,74.84361213235294,34.02449448529412,36.69315257352941,36.096875
87.56305147058823,156.5973805147059,110.45496323529412,111.11511948529412,121.03304227941176,109.39522058823529,175.87233455882352,181.77398897058825,171.52192095588236
76.54751838235295,170.5375,119.92486213235294,83.54908088235294,123.03892463235294,104.81056985294117,178.06387867647058,203.87035845588235,194.5327205882353
168.07486213235293,151.8321231617647,175.3776194852941,45.56213235294118,37.8359375,60.11608455882353,72.10588235294118,48.01047794117647,82.33841911764706
64.7681525735294,175.12738970588236,116.27991727941176,80.02867647058824,156.14476102941177,118.86047794117647,167.17771139705883,202.1875919117647,189.71971507352941
55.354733455882354,158.32045036764706,114.49540441176471,57.52922794117647,57.198483455882354,94.26355698529412,93.70707720588236,51.69250919117647,141.11521139705883
61.3288143382353,164.66640625,110.30041360294118,101.62380514705882,141.9401194852941,125.82182904411765,179.93000919117648,206.42660845588236,196.9289981617647
69.00491727941177,167.8321231617647,118.2672794117647,92.38575367647059,145.34517463235295,122.39940257352941,140.04430147058824,160.81599264705883,155.82545955882352
132.5274356617647,164.1637867647059,158.6600643382353,91.94747242647058,70.14094669117647,95.81920955882353,71.56245404411764,50.36043198529412,73.38543198529412
85.2203125,128.55652573529412,121.44802389705882,73.69434742647059,74.71236213235294,102.70349264705882,50.00643382352941,106.92647058823529,83.53391544117648
123.8619025735294,224.50873161764707,167.15431985294117,61.24195772058823,57.143520220588236,73.81695772058823,66.86700367647059,48.24862132352941,75.66723345588235
115.81089154411765,165.21374080882353,157.71130514705882,61.97182904411765,75.15886948529412,88.21934742647059,52.950827205882355,55.38998161764706,82.16410845588236
136.63111213235294,186.67945772058823,202.8972886029412,91.63051470588235,113.28671875,117.2234375,31.022288602941178,40.217601102941174,42.44471507352941
92.69439338235294,162.88814338235295,126.63230698529412,95.47830882352942,118.95091911764706,112.88253676470588,44.487545955882354,19.493520220588234,56.04122242647059
159.36617647058824,197.91557904411764,195.2766544117647,114.10202205882354,40.80119485294118,89.94324448529412,104.05487132352941,29.883961397058822,60.76971507352941
24.667233455882354,225.6228400735294,131.6237132352941,85.89646139705883,64.9639705882353,84.52132352941176,87.05284926470588,70.55078125,72.01295955882352
163.81576286764707,200.5243106617647,196.79329044117648,164.09076286764707,116.77228860294117,158.6925551470588,116.46438419117646,83.71576286764706,115.95395220588236
25.07127757352941,164.06268382352943,115.38694852941177,97.82849264705882,136.68005514705882,135.36567095588236,100.76300551470588,82.25785845588236,100.14673713235294
133.79724264705882,199.27329963235294,174.2858455882353,74.56236213235294,117.20620404411764,115.76011029411765,47.204779411764704,20.89779411764706,75.5806525735294
185.0717830882353,211.29361213235293,188.25689338235293,147.36056985294118,176.24765625,154.24563419117646,118.95073529411765,109.99719669117647,117.31231617647059
157.8078125,206.5451286764706,176.95386029411765,150.3829044117647,162.91695772058824,154.76075367647059,101.70680147058823,82.07798713235294,102.73731617647059
145.38566176470587,199.31107536764705,173.02398897058825,154.0157169117647,117.90036764705883,139.92136948529412,114.65114889705882,108.13377757352941,109.87688419117647
66.76291360294118,148.3386948529412,102.5452205882353,100.29255514705882,161.71378676470587,122.46001838235294,134.23676470588236,107.23832720588236,124.83501838235294
98.90638786764706,177.58543198529412,136.55707720588236,102.17072610294117,82.22757352941177,100.85211397058823,127.14048713235294,84.73635110294117,118.72017463235294
43.35675551470588,215.88929227941176,124.59315257352941,102.60174632352941,122.51511948529412,116.25992647058824,51.28170955882353,18.964154411764707,28.309329044117646
28.422702205882352,153.50978860294117,110.96043198529412,74.25978860294117,161.73469669117648,131.9603400735294,63.07945772058824,100.52513786764706,83.50147058823529
82.98203125,203.19733455882354,163.88708639705882,107.51208639705882,117.00243566176471,118.05229779411765,89.05500919117647,83.88354779411765,81.92329963235294
151.12123161764706,188.39485294117648,170.00188419117646,97.80657169117647,55.275275735294116,105.76401654411765,76.01622242647059,45.24613970588236,80.05418198529412
87.6771599264706,149.69632352941176,118.8453125,102.92610294117647,77.46337316176471,106.69296875,85.98851102941177,52.54448529411765,83.48708639705882
176.62288602941177,215.1094669117647,213.87941176470588,138.64361213235293,135.5755055147059,137.9789981617647,76.25537683823529,58.059099264705885,61.88423713235294
143.4780330882353,178.73244485294117,161.621875,129.23984375,146.6828125,140.28869485294118,60.86374080882353,43.559742647058826,60.76190257352941
50.61737132352941,167.59627757352942,94.84278492647059,76.58299632352941,149.1009650735294,109.35280330882352,181.23488051470588,174.70974264705882,185.15997242647057
138.64186580882352,151.8966911764706,166.38400735294118,120.79002757352941,65.22513786764706,113.01571691176471,116.09816176470588,51.626011029411764,103.26971507352941
116.07081801470588,202.20059742647058,153.2618106617647,84.68354779411764,105.77775735294118,116.24673713235295,99.62284007352942,105.70055147058824,123.56580882352941
115.19857536764705,252.9787224264706,179.0607536764706,125.29411764705883,169.6514705882353,159.98648897058823,101.19623161764706,60.65712316176471,93.27113970588235
129.14940257352941,141.59407169117648,144.16732536764707,104.39044117647059,64.21659007352942,115.57022058823529,104.50625,69.81769301470588,116.91507352941177
142.4581801470588,156.88910845588236,159.44875919117646,112.33483455882353,79.16792279411764,101.87881433823529,109.52876838235294,50.23910845588235,85.8607536764706
115.65827205882353,161.77444852941176,144.78175551470588,53.59935661764706,106.39747242647059,80.21833639705882,62.330422794117645,97.90128676470589,80.77045036764706
62.08892463235294,147.57233455882354,99.11976102941176,102.44641544117647,89.79554227941176,111.47954963235294,64.18157169117647,28.865670955882354,87.25859375
161.49379595588235,178.19866727941175,178.0441176470588,116.50776654411764,67.21755514705882,106.234375,71.76939338235294,30.773667279411764,72.17909007352941
156.43327205882352,152.33138786764707,172.24016544117646,168.21433823529412,115.01387867647058,167.58092830882353,135.70464154411764,88.52697610294118,128.97619485294118
97.71971507352941,189.67849264705882,149.17086397058824,97.14379595588235,109.70932904411765,111.47844669117647,72.20657169117646,76.0078125,80.98943014705883
160.08988970588234,198.35689338235295,188.08451286764705,115.62251838235294,99.76530330882353,126.8685661764706,123.80170036764706,103.22421875,129.19411764705882
80.35229779411765,134.7662224264706,117.54779411764706,54.65041360294118,112.30087316176471,91.06989889705882,40.78111213235294,69.09669117647059,62.04540441176471
54.81029411764706,138.73570772058824,93.5999080882353,107.01792279411765,115.25928308823529,117.64692095588235,110.96309742647058,75.73033088235294,105.0203125
113.39568014705883,186.9380974264706,156.14944852941176,95.81530330882353,92.0415900735294,97.45850183823529,105.77403492647059,88.78607536764706,99.18892463235294
138.06328125,171.67054227941176,161.79195772058824,124.06613051470588,102.37927389705882,115.51502757352941,56.02192095588235,50.09678308823529,54.35638786764706
85.76893382352941,170.62302389705883,132.88432904411764,87.34636948529412,88.44848345588235,93.08276654411765,112.85386029411765,101.52504595588235,109.53308823529412
26.90436580882353,142.66383272058823,82.46387867647059,101.10399816176471,119.12522977941177,128.62127757352943,164.74241727941177,107.00294117647059,159.25684742647059
48.055652573529414,102.94149816176471,78.37982536764706,122.57513786764706,113.82155330882352,128.11700367647057,112.53621323529411,85.42182904411764,110.96401654411764
49.16272977941176,135.67113970588235,95.10519301470588,121.03754595588235,95.08010110294117,122.06171875,134.4836856617647,101.3264705882353,128.74963235294118
228.7155330882353,237.97886029411765,235.1790900735294,71.60022977941176,155.87182904411765,124.66617647058824,60.71392463235294,95.43694852941177,88.35905330882353
56.90344669117647,138.52054227941176,95.96139705882354,87.00670955882353,105.03860294117646,100.43345588235294,118.96870404411764,77.82702205882353,108.17495404411764
79.5499080882353,226.71479779411766,150.39283088235294,92.70703125,87.528125,122.77159926470588,103.54177389705882,91.60689338235294,134.62339154411765
206.54191176470587,210.44034926470587,218.65353860294118,85.27008272058823,80.15229779411764,105.75298713235294,140.26916360294118,81.26989889705882,185.49443933823528
120.80128676470588,135.4017463235294,143.57541360294118,58.96980698529412,59.064108455882355,89.5374080882353,48.98970588235294,33.746001838235294,89.61245404411764
143.50124080882352,246.2287224264706,185.45404411764707,77.06999080882353,63.93014705882353,100.82233455882353,50.966498161764704,44.853125,75.29329044117647
155.77242647058824,194.30882352941177,160.47996323529412,113.77058823529411,64.18005514705882,112.46617647058824,81.05041360294118,51.00932904411765,102.65588235294118
182.48336397058824,223.34085477941176,191.96194852941176,109.51470588235294,87.15882352941176,104.20923713235294,67.00785845588236,90.56401654411765,75.15363051470588
202.69724264705883,234.865625,208.5024356617647,111.43102022058824,118.32817095588236,116.24296875,48.29159007352941,41.051332720588235,48.24756433823529
231.11479779411764,250.40661764705882,249.13442095588235,81.68170955882353,92.67738970588235,100.30652573529412,66.42205882352941,51.356479779411764,73.45850183823529
139.34995404411765,161.83010110294117,143.07284007352942,73.49319852941177,46.947610294117645,66.70606617647059,95.3688419117647,28.792279411764707,74.8155330882353
182.08198529411766,217.05758272058824,198.32389705882352,118.3819393382353,88.17959558823529,109.20749080882354,75.35983455882354,45.90886948529412,65.22141544117648
136.74379595588235,181.67325367647058,172.82913602941176,177.48000919117646,171.81392463235295,190.73060661764706,177.4015625,163.43745404411766,182.86567095588236
52.217738970588236,117.61608455882353,75.67224264705882,135.66677389705882,148.76291360294118,144.76668198529413,125.1780330882353,127.21075367647059,128.78336397058823
136.85018382352942,188.65101102941176,183.08042279411765,57.45551470588235,71.64397977941177,68.22752757352941,45.32876838235294,60.17670036764706,54.56263786764706
99.13685661764706,155.35114889705883,130.46107536764706,55.410477941176474,50.36714154411764,55.509466911764704,74.1741268382353,58.57247242647059,70.02881433823529
214.72389705882352,239.30634191176472,235.13515625,111.23736213235294,114.35363051470588,123.56098345588235,88.66732536764705,86.63910845588235,101.39296875
175.26544117647057,184.26236213235293,196.20606617647059,67.14044117647059,74.6890625,89.84310661764705,89.40500919117648,89.00514705882352,115.14420955882353
186.85739889705883,233.33428308823528,231.78589154411765,43.96295955882353,67.41723345588235,63.90041360294118,54.6282169117647,43.249908088235294,64.26773897058824
46.78501838235294,122.43667279411764,99.46557904411765,136.30726102941176,96.38497242647058,143.5977481617647,84.30923713235295,62.00257352941176,88.87003676470589
67.17472426470589,125.94430147058823,99.31585477941177,78.68759191176471,104.65551470588235,98.36590073529412,67.43556985294117,58.041819852941174,71.05188419117647
119.50955882352942,214.68138786764706,169.27555147058823,159.26626838235293,182.71521139705882,174.49793198529412,49.29581801470588,42.16534926470588,48.33285845588235
103.14738051470589,165.47279411764706,137.86194852941176,157.49296875,132.38097426470588,148.39195772058824,118.69926470588236,102.17794117647058,109.26810661764706
96.65859375,156.1653492647059,130.1935661764706,79.39568014705883,79.51879595588235,93.40317095588236,82.29085477941176,69.18855698529411,83.98800551470588
148.7585018382353,222.27683823529412,217.82582720588235,78.38423713235294,74.55707720588235,96.1024356617647,121.00363051470588,84.11139705882353,88.75376838235294
129.31989889705883,229.34149816176472,211.9243106617647,59.853170955882355,69.50326286764705,83.47807904411765,74.63818933823529,97.32596507352942,75.3077205882353
127.07086397058823,130.3776194852941,146.69908088235294,76.00896139705883,58.517922794117645,78.87706801470588,63.18180147058823,39.383547794117646,67.53340992647058
76.52242647058823,77.7881893382353,93.80978860294118,46.34894301470588,14.829963235294118,53.753998161764706,64.84411764705882,16.373988970588236,70.52660845588235
114.54443933823529,184.26668198529413,134.5948988970588,137.05022977941175,124.49030330882353,120.99871323529412,131.32688419117648,84.14457720588236,109.3805606617647
146.69214154411765,240.34025735294117,214.76176470588234,49.69921875,63.39696691176471,76.89848345588236,84.4859375,51.6100643382353,89.70712316176471
64.05670955882353,149.83984375,101.41052389705882,21.673345588235293,99.3875919117647,59.55551470588235,50.112316176470586,66.99420955882353,70.38272058823529
69.55684742647058,171.09039522058825,119.7357536764706,129.72573529411764,104.6029411764706,110.42182904411764,141.45597426470587,75.18115808823529,88.00882352941177
102.76962316176471,191.5422794117647,147.53929227941177,67.93511029411765,79.06907169117648,86.42775735294117,138.76796875,142.3498161764706,151.75670955882353
89.70969669117648,226.20395220588236,144.4368106617647,105.60978860294118,134.07601102941177,145.04784007352941,61.088878676470586,48.50142463235294,115.34563419117647
125.19779411764706,93.8116268382353,123.99577205882353,110.47256433823529,26.532582720588234,101.10050551470589,95.98607536764706,23.781020220588236,97.60661764705883
93.31801470588235,94.34595588235294,103.63166360294117,103.17040441176471,73.9037224264706,101.52104779411765,101.93428308823529,59.46590073529412,84.33598345588236
145.04563419117648,120.92017463235294,141.30363051470587,87.45372242647059,120.60804227941176,102.83083639705882,106.6006893382353,153.50160845588235,128.6577205882353
190.70124080882354,195.17242647058825,214.73138786764707,127.28258272058824,37.05992647058824,121.16277573529412,71.06061580882353,32.23786764705882,100.8796875
176.9483455882353,213.32931985294118,187.06585477941175,81.55091911764706,63.32982536764706,96.56447610294117,70.52670036764705,38.691727941176474,87.06378676470588
187.8881893382353,210.89439338235294,196.41098345588236,53.43051470588235,39.95395220588235,62.20574448529412,100.35638786764706,21.843474264705883,106.39494485294118
230.74650735294117,234.55877757352943,221.63391544117647,67.06305147058823,70.75785845588236,77.75330882352941,30.692279411764705,21.684788602941175,53.055882352941175
239.17394301470588,229.32458639705882,224.85358455882354,127.28566176470588,129.30151654411765,135.85307904411764,54.97743566176471,24.449448529411764,75.61047794117647
186.17421875,215.29779411764707,195.4100643382353,200.53892463235294,192.11553308823528,191.8869944852941,149.2905330882353,97.19476102941177,127.08841911764706
197.9581801470588,206.29875919117646,202.37766544117648,92.46328125,101.72913602941176,89.07481617647059,82.87306985294117,98.42550551470588,81.34568014705883
173.6850643382353,251.54944852941176,225.1954044117647,108.00592830882353,107.2396599264706,131.62182904411765,63.08051470588235,46.46443014705882,88.11318933823529
245.93005514705882,247.4399356617647,247.58166360294118,161.2692555147059,173.0284926470588,167.04641544117646,94.37757352941176,55.68837316176471,73.51346507352942
195.25202205882354,232.8259650735294,200.4380974264706,60.821507352941175,58.07339154411765,63.10482536764706,75.42090992647059,88.09820772058823,81.50647977941176
192.57081801470588,199.1607536764706,188.60197610294117,166.43497242647058,128.53938419117648,142.93249080882353,129.9116268382353,81.2913143382353,106.26162683823529
204.95238970588235,196.83938419117646,195.12876838235294,214.33878676470587,165.984375,187.85064338235293,148.0078125,43.469071691176474,103.80969669117647
227.0609375,229.05845588235294,227.0780330882353,110.29443933823529,69.4076286764706,96.61994485294117,64.41314338235294,30.551378676470588,50.02931985294118
249.51819852941176,249.98988970588235,251.24057904411765,192.04908088235294,146.44352022058823,172.46732536764705,97.69623161764706,67.72573529411764,83.55353860294117
134.57150735294118,124.15477941176471,146.5876838235294,155.30491727941177,136.84931066176472,176.66295955882353,46.154411764705884,43.23106617647059,50.3640625
205.17495404411764,212.60813419117648,206.94682904411764,102.28860294117646,109.80022977941177,106.62164522058823,68.92863051470589,83.46204044117647,77.7756893382353
220.8434742647059,223.40027573529412,221.43717830882352,190.7813419117647,152.03736213235294,168.4630974264706,20.01939338235294,14.025643382352941,16.40785845588235
134.48483455882354,172.8625,155.05454963235294,60.76934742647059,65.26153492647059,59.88841911764706,64.68763786764706,76.93492647058824,67.85997242647059
195.15707720588236,162.75137867647058,211.62316176470588,170.08616727941177,72.57123161764706,174.00137867647058,153.38102022058823,48.25523897058824,156.72339154411765
173.59191176470588,165.38874080882354,152.8765625,129.07513786764707,120.01392463235294,114.45510110294117,62.1921875,76.07150735294118,66.39797794117646
178.7575367647059,162.7311580882353,172.95422794117647,147.45206801470587,132.27789522058825,142.17201286764706,30.797242647058823,26.565808823529412,31.301976102941175
221.76185661764706,239.91567095588235,231.79940257352942,188.44682904411764,202.7453125,198.75197610294117,135.5579963235294,121.92417279411765,133.26613051470588
210.70307904411766,169.79797794117647,157.96204044117647,252.06737132352941,116.01663602941177,162.43786764705882,107.36659007352941,55.995772058823526,51.16750919117647
169.9791819852941,143.80013786764707,161.36034007352941,173.79329044117648,142.06773897058824,159.66962316176472,176.1896599264706,146.50942095588235,163.20744485294117
225.6619025735294,241.49779411764706,232.61034007352941,177.22780330882352,200.86231617647059,189.84820772058825,102.01410845588235,88.83161764705882,95.90739889705883
81.92394301470588,94.43561580882353,89.79820772058824,47.5125,43.440854779411765,46.18814338235294,43.86392463235294,35.21314338235294,41.63708639705882
148.7383731617647,167.70422794117647,162.66810661764706,96.49908088235294,99.42238051470588,99.56521139705882,42.61732536764706,48.89319852941176,48.963189338235296
108.95818014705883,136.64181985294118,130.94636948529413,122.05877757352941,145.11447610294118,139.74820772058823,117.48230698529412,121.31420036764706,120.97169117647059
127.57605698529412,130.7653492647059,129.0471507352941,101.78184742647059,80.3501838235294,87.05197610294118,55.36116727941177,36.650045955882355,45.026148897058825
222.85629595588236,227.53478860294118,225.86378676470588,103.74388786764706,99.74728860294118,103.16622242647058,49.96181066176471,45.28639705882353,48.74921875
102.10367647058824,108.31263786764706,107.57141544117647,59.56943933823529,63.24751838235294,62.64067095588236,58.99453125,59.516360294117646,55.48933823529412
147.6115349264706,48.37513786764706,109.81323529411765,126.19191176470588,56.135707720588236,96.61787683823529,139.9140625,74.03961397058823,113.37624080882352
128.0366268382353,87.12297794117647,103.80914522058823,68.03717830882353,55.70840992647059,53.04931066176471,78.51668198529411,71.91939338235294,70.74227941176471
88.53175551470588,83.51511948529412,88.09411764705882,86.79126838235294,66.71838235294118,75.26732536764706,79.69522058823529,56.859283088235294,65.21213235294118
74.45041360294118,29.54719669117647,57.69935661764706,118.55137867647059,77.86084558823529,106.54517463235294,101.18897058823529,96.60317095588235,102.06737132352941
38.52316176470588,23.233180147058825,28.552113970588234,65.13359375,44.85298713235294,51.36332720588236,44.69839154411765,26.00487132352941,31.92467830882353
186.06783088235295,171.60749080882354,182.19958639705882,157.58630514705882,121.30289522058824,154.27734375,136.0270680147059,91.38152573529412,130.2827205882353
35.50799632352941,18.162683823529413,27.692463235294117,32.75170036764706,32.064751838235296,34.971920955882354,27.02798713235294,13.748575367647058,21.960661764705883
77.3453125,67.95321691176471,52.434558823529414,132.9778492647059,93.7835018382353,67.12012867647059,81.44237132352941,58.47509191176471,48.71056985294118
146.9844669117647,137.74949448529412,147.44301470588235,88.2430606617647,58.542417279411765,77.68304227941177,89.88694852941177,70.88635110294118,85.26847426470589
142.81112132352942,125.18791360294118,130.47068014705883,154.22362132352941,128.76452205882353,136.44430147058824,107.85261948529411,93.70358455882354,98.00997242647058
75.47683823529412,38.06778492647059,44.06516544117647,47.49241727941177,22.044439338235293,27.747288602941175,46.22159926470588,16.35969669117647,20.070726102941176
171.309375,158.37789522058824,163.62463235294118,175.9005974264706,154.99590992647057,162.04724264705882,155.5260569852941,126.71075367647059,133.66227022058823
59.175,59.15928308823529,59.14889705882353,70.9749080882353,66.29347426470588,65.434375,74.3171875,74.21217830882352,74.14402573529412
122.13405330882352,63.805836397058826,89.3897518382353,120.7630974264706,71.28033088235294,92.51920955882353,121.12035845588235,93.76286764705883,104.06204044117646
214.0276194852941,209.02251838235293,216.25160845588235,116.66732536764705,102.25427389705882,116.56392463235294,75.49292279411765,70.81056985294117,74.67141544117646
155.7211856617647,142.13354779411765,148.68005514705882,89.7171875,82.60730698529412,86.82803308823529,132.50257352941176,125.97095588235294,126.86622242647059
151.45684742647057,135.93409926470588,142.88727022058825,98.77706801470588,86.26102941176471,91.23304227941176,83.28423713235294,54.37734375,61.53860294117647
142.46295955882354,81.99852941176471,110.91015625,146.70413602941176,100.12256433823529,121.43621323529412,113.94912683823529,77.23772977941177,94.08419117647058
2.303216911764706,18.12876838235294,2.614889705882353,19.499080882352942,55.076930147058825,24.420174632352943,6.622104779411765,17.613786764705882,9.920082720588235
216.53083639705883,198.04333639705882,208.68768382352943,139.290625,83.75675551470589,112.35289522058824,187.3375,174.40238970588234,182.09659926470587
160.30606617647058,153.57715992647059,159.99338235294118,122.96190257352941,102.96511948529412,124.04931066176471,138.64917279411765,132.31443014705883,137.92872242647059
53.63391544117647,20.83786764705882,34.474310661764704,61.902665441176474,31.40363051470588,46.243841911764704,44.72008272058824,22.346507352941178,33.080422794117645
91.57720588235294,93.21056985294118,93.13556985294117,98.01001838235294,94.46369485294117,96.62251838235294,75.55703125,70.05372242647059,72.33933823529412
150.9108455882353,151.04632352941175,152.48534007352941,185.85500919117646,170.77660845588235,174.49117647058824,152.16879595588236,125.96760110294117,126.55744485294117
19.11204044117647,17.60762867647059,20.039751838235293,29.038327205882354,25.55698529411765,31.31659007352941,26.269163602941177,21.58313419117647,27.547472426470588
65.09397977941177,62.248851102941174,62.792417279411765,144.4861213235294,139.73924632352941,142.31328125,157.45785845588236,153.43979779411765,155.70436580882352
149.40602022058823,140.45018382352941,143.4380974264706,153.8383731617647,145.81801470588235,148.43763786764706,139.32136948529413,132.31268382352943,135.01116727941175
170.47403492647058,107.3797794117647,170.9875919117647,201.83083639705882,152.17329963235295,192.2692555147059,227.17169117647057,188.559375,215.72605698529412
216.8527113970588,216.04770220588236,209.72550551470587,189.43630514705882,194.63704044117648,179.55473345588234,166.76034007352942,199.6006893382353,186.12389705882353
100.94191176470588,101.1849724264706,104.04136029411765,89.41902573529411,80.65840992647058,88.88979779411764,103.22072610294117,99.60868566176471,104.77068014705883
71.5875,62.204963235294116,61.152849264705885,76.70749080882354,64.36502757352942,66.03469669117646,72.2125,54.73892463235294,59.965625
58.01668198529412,35.58635110294118,44.671783088235294,66.67545955882353,50.90487132352941,57.4967830882353,101.41199448529412,78.71585477941177,87.70496323529412
76.99618566176471,49.90997242647059,50.85009191176471,70.78777573529412,46.054779411764706,49.020266544117646,78.83878676470589,52.32559742647059,53.83143382352941
32.6296875,56.57362132352941,47.80822610294118,79.44788602941176,91.58809742647058,80.54485294117647,121.79365808823529,84.34535845588235,85.92192095588236
140.50795036764706,83.25974264705883,69.84057904411765,138.00854779411765,82.13336397058823,68.04338235294118,133.32761948529412,76.57591911764706,60.036305147058826
164.4269301470588,130.66470588235293,136.16888786764707,152.78832720588235,116.56410845588235,121.77536764705883,171.73010110294118,155.04954044117648,151.19673713235295
15.898161764705883,190.4969669117647,154.41420036764706,117.40735294117647,127.7647518382353,109.74926470588235,206.98152573529413,32.06681985294118,26.11061580882353
106.15119485294117,30.13887867647059,77.77334558823529,95.07752757352941,34.26976102941177,73.81833639705883,98.99030330882353,35.352573529411764,73.96465992647059
100.3663143382353,171.29310661764706,147.6249080882353,84.06341911764706,119.20827205882352,108.71976102941177,46.378170955882354,56.7375,53.42182904411764
125.70652573529412,220.26461397058824,206.7634650735294,141.75969669117646,190.8576286764706,181.47072610294117,139.69494485294118,175.84117647058824,169.46764705882353
18.690579044117648,79.37173713235295,12.109466911764706,21.73874080882353,82.7586856617647,11.837362132352942,3.968704044117647,44.79407169117647,6.575
93.11328125,71.6966911764706,81.11185661764706,90.89021139705882,64.6592830882353,76.85551470588236,76.72408088235294,62.31006433823529,67.59917279411765
144.70491727941177,92.91337316176471,102.18892463235294,173.51829044117648,121.2640625,134.85133272058823,142.82279411764705,101.47022058823529,108.89949448529411
70.90804227941176,46.52348345588236,61.31392463235294,97.40684742647059,69.66282169117648,87.87371323529412,107.47132352941176,52.20896139705882,89.62155330882354
60.18621323529412,76.65307904411765,62.590808823529414,76.29420955882352,85.1734375,73.28727022058824,152.97398897058824,82.1085018382353,105.328125
0.0,0.0,0.0,0.9665441176470588,0.49526654411764703,0.6487132352941176,29.195726102941176,8.473345588235293,17.381939338235295
153.60698529411764,114.03193933823529,125.94600183823529,126.86681985294118,91.84747242647059,104.05137867647059,116.7125,86.62545955882354,98.23828125
63.28878676470588,71.85988051470588,75.95179227941176,77.01746323529412,77.25128676470588,82.78134191176471,70.1109375,75.67720588235294,76.85661764705883
226.18152573529412,231.46976102941176,205.20367647058825,229.35546875,229.91020220588234,202.8663143382353,228.89761029411764,229.40045955882354,200.97132352941176
49.01475183823529,19.85840992647059,30.67417279411765,75.93786764705882,43.513373161764704,56.96231617647059,43.26980698529412,19.486810661764707,31.574586397058823
81.21360294117648,54.83125,66.4154411764706,81.41553308823529,42.904181985294116,59.85634191176471,78.85367647058824,39.31654411764706,56.160248161764706
46.152849264705885,121.61277573529412,66.81966911764705,86.37674632352942,69.08000919117647,51.062408088235294,104.84839154411765,58.75418198529412,52.211672794117646
191.13120404411765,206.94526654411766,208.66557904411764,147.98129595588236,152.96567095588236,151.68106617647058,105.04977022058823,84.80110294117647,81.36268382352941
72.99375,35.183042279411765,54.22670036764706,101.80914522058823,63.202573529411765,74.82026654411764,101.16415441176471,53.63777573529412,70.71672794117647
87.71769301470589,81.88354779411765,85.31989889705882,100.68377757352941,96.89646139705883,93.97775735294118,83.55960477941177,74.45082720588235,77.73653492647058
146.44917279411766,45.94122242647059,90.69940257352941,169.45739889705882,52.750505514705885,105.33653492647059,151.8625919117647,33.137867647058826,92.48685661764706
207.08763786764706,205.64751838235293,205.80363051470587,151.8561580882353,150.9075367647059,150.43336397058823,156.17522977941175,110.63579963235294,127.69682904411765
187.15804227941177,184.228125,180.52987132352942,119.52132352941176,127.34806985294118,125.16796875,141.87247242647058,122.33304227941177,128.53713235294117
89.72715992647059,30.28253676470588,58.57766544117647,56.22279411764706,25.66079963235294,35.61153492647059,84.4547794117647,35.23685661764706,50.225413602941174
168.71897977941177,143.41148897058824,153.82063419117648,159.6105238970588,125.38763786764706,137.67366727941177,149.70059742647058,131.8923713235294,136.4891544117647
114.31066176470588,137.25588235294117,119.43805147058823,90.66603860294117,92.16801470588236,82.65137867647059,76.50206801470588,81.94264705882352,74.35248161764706
201.03501838235294,90.02215073529412,152.5296875,172.32660845588236,74.36125919117647,121.92444852941176,146.2521599264706,49.49283088235294,90.99200367647059
176.77132352941177,146.79811580882352,159.13262867647057,142.01465992647059,113.06534926470589,126.58768382352942,92.1905330882353,90.83740808823529,93.07219669117647
125.29241727941177,127.6265625,130.27693014705883,157.61121323529412,148.02095588235295,147.66507352941176,150.77421875,136.54701286764706,149.2984375
172.9230238970588,185.065625,181.9855238970588,67.7079044117647,114.01599264705882,93.84724264705882,156.94917279411766,176.30243566176472,171.66773897058823
37.54168198529412,36.62564338235294,37.58396139705882,53.34894301470588,49.99200367647059,52.64407169117647,38.49453125,35.38699448529412,37.09829963235294
50.24958639705882,68.23635110294117,62.122702205882355,41.17931985294118,63.21314338235294,54.70372242647059,31.27931985294118,46.99016544117647,40.364246323529414
152.54935661764705,121.890625,135.17876838235293,139.3783088235294,120.1665900735294,125.46190257352941,165.17325367647058,125.63864889705883,148.1452205882353
32.861672794117645,16.686305147058825,26.747886029411763,87.25321691176471,44.421966911764706,64.9704044117647,24.03745404411765,18.98685661764706,24.876148897058822
130.83460477941176,124.06171875,126.19508272058823,128.59903492647058,100.70919117647058,109.65804227941176,135.41305147058824,102.78327205882353,112.68060661764706
25.76061580882353,21.153860294117646,30.655330882352942,36.745588235294115,30.17950367647059,44.54512867647059,27.89577205882353,23.878538602941177,34.40193014705882
56.57357536764706,66.41792279411764,51.621645220588235,74.6319393382353,82.08203125,67.96452205882353,74.88483455882353,73.80202205882352,69.27274816176471
21.731479779411764,21.61153492647059,19.244577205882354,36.441084558823526,52.56640625,43.924586397058825,42.24278492647059,62.481479779411764,52.38676470588236
155.63138786764705,21.62513786764706,116.01829044117648,166.61015625,23.935431985294116,125.43304227941177,171.99402573529412,21.30174632352941,129.07738970588235
61.11075367647059,130.9772518382353,101.71029411764705,25.113878676470588,46.959375,66.64898897058823,40.67927389705882,45.21893382352941,110.61121323529412
190.89967830882352,190.84885110294118,133.46061580882352,125.53340992647058,124.85376838235294,100.35661764705883,180.10611213235293,185.4663143382353,156.16980698529412
170.8197150735294,96.75978860294117,144.91796875,64.11838235294118,30.178952205882354,43.70556066176471,92.04917279411765,92.65105698529412,90.01953125
5.4924172794117645,46.210615808823526,37.00298713235294,22.775873161764707,41.4133731617647,44.49420955882353,28.613786764705882,65.66764705882353,86.99402573529412
100.83915441176471,79.45689338235294,102.82784926470588,168.99007352941177,72.05974264705883,126.47591911764705,79.56075367647058,60.408547794117645,87.9328125
47.3483455882353,41.795266544117645,47.21530330882353,61.09641544117647,53.46893382352941,56.34411764705882,57.09903492647059,48.15863970588235,43.52173713235294
132.53823529411764,110.24181985294118,127.90703125,139.5494944852941,117.17035845588235,137.084375,158.32601102941177,136.40891544117648,156.74053308823528
168.42711397058824,154.40859375,167.1863511029412,123.77417279411765,93.81360294117647,115.84007352941177,76.37371323529412,48.18570772058823,74.74885110294117
199.4678768382353,165.5,177.31112132352942,183.40183823529412,148.38639705882352,165.00919117647058,116.94761029411765,76.80758272058823,120.58276654411765
112.26534926470588,88.43772977941177,96.19866727941177,94.22651654411764,87.07591911764706,94.85818014705882,93.75790441176471,77.01332720588235,89.6514705882353
74.29269301470588,63.2805606617647,66.0453125,107.91769301470588,90.12490808823529,94.74214154411764,62.52757352941177,69.76112132352941,66.28699448529412
114.42876838235294,108.51893382352941,111.62867647058823,100.78295036764706,45.56213235294118,72.80473345588236,48.542003676470586,12.352665441176471,30.16452205882353
68.49554227941177,67.12426470588235,67.51778492647058,62.268382352941174,53.939797794117645,56.792233455882354,56.21636029411765,48.9289981617647,51.801332720588235
107.31824448529412,114.38671875,112.53483455882353,105.48069852941177,102.18883272058824,104.01190257352941,77.47761948529411,70.13570772058823,73.44292279411765
187.22215073529412,190.34204963235294,190.69770220588236,166.72100183823528,166.08253676470588,167.49793198529412,173.80693933823528,181.67081801470587,178.62624080882352
119.55818014705882,81.39944852941177,99.64545036764706,144.28704044117646,123.60739889705883,132.66351102941175,95.27017463235295,90.26686580882352,93.31144301470589
17.05206801470588,26.086213235294117,28.43000919117647,30.529595588235296,51.86516544117647,56.57959558823529,35.81810661764706,43.108363970588236,42.52977941176471
103.63051470588235,118.06714154411765,115.1311580882353,64.28805147058823,71.1828125,70.77633272058823,29.96282169117647,27.340992647058822,30.729411764705883
41.73841911764706,38.211902573529414,39.10560661764706,44.52674632352941,41.202619485294115,41.927435661764704,64.02003676470588,59.59076286764706,61.053125
90.21364889705882,69.26603860294118,78.38795955882352,96.25459558823529,71.00721507352941,82.18579963235294,89.67371323529412,67.17890625,75.73207720588235
17.736764705882354,10.052987132352941,12.41015625,42.91318933823529,14.11263786764706,22.789476102941176,56.49048713235294,16.477895220588234,30.45606617647059
141.44007352941176,162.9486213235294,154.43354779411766,105.37909007352941,111.91369485294118,109.24646139705882,131.9597886029412,140.19609375,135.5490349264706
46.3469669117647,9.548713235294118,4.5831341911764705,244.47591911764707,116.92840073529412,115.43005514705882,176.01443014705882,73.15969669117646,71.54871323529412
104.18373161764706,135.64140625,128.49030330882354,78.55758272058823,100.97366727941177,95.39921875,45.67734375,77.81204044117646,69.16231617647058
69.30289522058824,138.34811580882354,111.43285845588235,48.41001838235294,73.61185661764706,64.91176470588235,20.602941176470587,52.50395220588236,37.84889705882353
80.14126838235295,86.24623161764706,84.95969669117648,67.32610294117647,75.53083639705882,73.13745404411765,61.846461397058825,73.47555147058823,71.51681985294118
206.27913602941177,207.79039522058824,204.65404411764706,139.57104779411765,141.99802389705883,136.22826286764706,175.3052849264706,179.11383272058825,174.08984375
126.78235294117647,52.70206801470588,72.82261029411765,165.85827205882353,88.29172794117648,108.38846507352942,185.93768382352943,90.60110294117646,116.56309742647059
243.67582720588234,90.89338235294117,208.55795036764707,241.39140625,96.47192095588235,202.62522977941177,239.45376838235293,76.29981617647059,202.26121323529412
145.90487132352942,107.98846507352941,119.5734375,158.590625,142.58556985294118,146.65951286764707,173.8825367647059,144.2225643382353,138.02035845588236
65.31750919117647,49.498391544117645,59.49862132352941,75.43855698529411,60.06387867647059,69.05114889705882,70.90036764705883,51.347977941176474,61.97789522058824
16.979319852941178,20.206755514705883,19.16029411764706,38.01773897058823,30.795863970588236,34.37844669117647,16.19122242647059,9.75983455882353,12.510615808823529
187.49117647058824,85.53933823529412,57.388786764705884,171.1974724264706,78.65243566176471,68.2678768382353,180.85,85.25105698529411,66.3571231617647
60.882306985294115,74.02329963235294,67.35160845588236,57.731617647058826,101.83014705882353,86.87941176470588,66.9274356617647,67.65390625,65.32435661764706
31.170082720588237,42.03501838235294,30.058226102941177,58.94113051470588,61.9390625,57.59140625,55.45165441176471,69.82486213235295,57.15252757352941
149.38023897058824,102.09214154411765,122.43382352941177,158.7385569852941,124.94016544117648,140.67614889705882,152.94770220588236,126.3359375,136.90818014705883
182.76295955882352,72.68892463235294,156.17775735294117,140.7006893382353,91.51709558823529,130.45836397058824,215.3647518382353,131.91613051470588,199.9571231617647
156.95229779411764,153.3927849264706,154.8329044117647,138.02306985294118,106.3453125,118.7829044117647,60.38276654411764,66.71056985294118,64.81829044117647
85.79609375,47.255974264705884,63.082582720588235,64.53147977941177,46.950183823529414,53.52913602941177,92.0399356617647,66.65193014705882,73.08920036764705
136.91888786764707,140.80542279411765,136.50464154411765,141.07026654411766,158.9958180147059,146.65386029411764,146.93561580882354,154.74361213235295,148.5736213235294
135.08258272058825,70.24347426470588,61.08841911764706,149.45229779411764,115.32486213235295,120.60027573529412,134.85059742647059,87.7642463235294,74.30716911764706
6.499540441176471,36.522472426470586,20.355193014705883,62.06443014705882,57.903492647058826,53.48235294117647,101.7875,76.41465992647059,81.39131433823529
103.29627757352941,72.5914981617647,72.80615808823529,99.74310661764706,44.10528492647059,53.57205882352941,65.73667279411765,46.086259191176474,48.019209558823526
65.12702205882353,29.008547794117646,50.40629595588236,104.96704963235294,68.2092830882353,84.24181985294118,120.19586397058823,107.46484375,111.65087316176471
193.48667279411765,160.8704044117647,175.74048713235294,166.63419117647058,123.52068014705883,142.37159926470588,175.99563419117646,135.63115808823528,154.88216911764707
86.06649816176471,96.17265625,90.85923713235294,123.134375,115.92182904411764,101.40179227941177,90.12279411764706,121.94949448529412,104.57417279411764
106.62555147058823,147.08920036764707,140.64682904411765,108.35583639705882,121.65294117647059,122.36259191176471,210.85625,179.25491727941176,188.0921875
226.58543198529412,224.27982536764705,223.51787683823528,144.62545955882354,148.50454963235293,144.80680147058823,124.30703125,149.53745404411765,137.0167738970588
160.24250919117648,224.94338235294117,201.54246323529412,170.1563419117647,182.0946231617647,177.39921875,165.50661764705882,166.07711397058824,168.48460477941177
83.84829963235295,5.42936580882353,18.17329963235294,47.43295036764706,5.62421875,7.490808823529412,30.466360294117646,4.72624080882353,8.070818014705882
103.72274816176471,78.75445772058823,91.19522058823529,133.57265625,102.74021139705883,116.69453125,162.55271139705883,127.23322610294117,138.0486213235294
167.08157169117646,162.23432904411766,163.99443933823528,144.8094669117647,127.30923713235295,132.53947610294117,168.87872242647057,135.07522977941176,145.08239889705882
28.840119485294117,139.17109375,132.54204963235293,37.57155330882353,122.70854779411765,107.09875919117647,47.24568014705882,71.26966911764706,56.51778492647059
63.30597426470588,32.30840992647059,61.87458639705882,61.12909007352941,28.94204963235294,59.47417279411765,55.87541360294118,27.18184742647059,55.12127757352941
152.69692095588235,138.49572610294118,147.02982536764705,136.5564338235294,120.45588235294117,128.22941176470587,85.85620404411765,67.33262867647059,75.44136029411764
59.925229779411765,54.141590073529414,57.431755514705884,45.84223345588235,46.67467830882353,47.08446691176471,167.20404411764707,160.6217830882353,165.9525275735294
59.10022977941176,37.25473345588235,31.835386029411765,89.0689338235294,75.00036764705882,72.33887867647059,110.20105698529412,69.44595588235295,77.81576286764705
40.62610294117647,32.603630514705884,39.70317095588236,44.97715992647059,37.906571691176474,44.699540441176474,38.93579963235294,36.27840073529412,39.81626838235294
15.055055147058823,47.64673713235294,40.79857536764706,52.762040441176474,55.049172794117645,57.53658088235294,92.3451286764706,44.21750919117647,66.62017463235294
151.55877757352943,157.28125,158.43570772058823,97.9556525735294,100.6263786764706,102.91263786764706,48.858180147058825,60.61323529411764,60.9641544117647
113.43304227941177,89.1858455882353,101.20404411764706,84.72017463235294,62.19356617647059,75.62835477941177,153.5538143382353,137.14397977941175,143.66999080882354
41.503584558823526,41.503584558823526,41.503584558823526,35.78019301470588,35.78019301470588,35.78019301470588,6.307215073529412,6.307215073529412,6.307215073529412
73.5650275735294,47.64168198529412,67.69738051470588,64.68069852941177,46.439154411764704,56.13386948529412,50.48350183823529,40.45202205882353,45.59090073529412
229.30997242647058,161.21254595588235,208.87302389705883,223.29545036764705,178.32440257352943,212.86286764705883,220.9180606617647,176.09076286764707,209.84692095588235
84.07486213235295,23.832766544117646,61.659420955882354,172.75454963235293,9.78359375,128.39921875,154.9567555147059,25.68157169117647,119.19342830882353
176.0714613970588,131.50946691176472,151.20868566176472,144.8953125,102.27380514705882,120.04857536764706,104.98483455882354,78.4085018382353,87.25519301470588
110.6141544117647,68.57311580882353,89.26277573529411,158.74816176470588,96.65326286764706,122.69462316176471,61.050459558823526,64.48285845588235,66.40473345588235
20.40703125,26.821507352941175,25.328170955882353,39.962775735294116,35.081939338235294,37.08313419117647,42.254411764705885,22.159742647058824,29.32127757352941
80.89163602941177,80.89163602941177,80.89163602941177,119.44623161764706,119.44623161764706,119.44623161764706,131.71346507352942,131.71346507352942,131.71346507352942
25.10436580882353,31.10827205882353,29.31875,53.05923713235294,57.16934742647059,56.405055147058825,24.21204044117647,31.066176470588236,28.81015625
47.19099264705882,35.93382352941177,43.45625,91.58713235294118,84.8329044117647,86.35307904411765,42.48400735294118,31.434788602941175,39.18033088235294
82.94673713235294,143.75689338235293,124.11989889705882,90.65183823529412,150.07936580882352,129.37444852941175,140.69154411764706,178.4567555147059,160.47081801470588
33.63147977941176,17.006158088235296,22.969761029411764,29.832858455882352,22.743566176470587,26.24623161764706,34.25500919117647,31.259191176470587,32.61631433823529
176.48795955882352,81.16677389705882,116.58175551470588,151.12817095588235,59.08331801470588,92.25261948529412,163.7365349264706,72.48249080882353,106.38860294117647
149.67743566176472,195.31732536764707,185.83920036764707,162.43800551470588,145.58823529411765,154.98575367647058,157.18956801470588,138.93221507352942,148.82398897058823
138.68547794117646,102.11208639705882,116.47017463235294,107.54903492647058,62.39494485294118,76.12132352941177,108.45988051470589,62.52495404411765,78.41553308823529
51.54581801470588,103.55206801470588,84.41066176470588,82.47265625,128.6686580882353,109.21911764705882,41.155744485294115,81.1537224264706,64.45808823529411
16.261994485294117,29.22688419117647,22.190211397058825,21.749402573529412,52.58423713235294,38.32817095588236,17.426838235294117,32.24283088235294,24.585707720588236
116.49287683823529,91.68170955882353,95.12444852941177,151.01089154411764,113.30942095588236,126.25670955882353,98.65027573529412,37.16888786764706,61.05160845588235
104.76222426470588,97.90831801470588,101.11948529411765,84.07853860294118,78.61953125,81.39278492647058,76.07320772058823,70.73442095588236,73.49940257352941
139.82527573529413,79.27366727941177,62.47284007352941,69.54724264705882,100.56668198529412,81.97665441176471,28.09264705882353,78.6109375,66.68203125
110.14898897058823,100.25491727941177,114.5203125,74.60523897058823,38.615992647058825,76.31125919117648,52.566911764705885,33.122748161764704,50.34117647058824
143.18538602941177,157.2454044117647,157.41948529411764,124.07233455882353,146.76323529411764,145.15546875,90.51971507352941,83.08079044117648,88.91346507352941
112.66066176470588,137.09457720588236,130.3858455882353,63.06158088235294,99.42853860294117,94.08791360294117,128.68731617647057,143.77251838235293,142.0110294117647
154.0375,147.72642463235294,152.29517463235294,133.78451286764707,115.17463235294117,125.16415441176471,180.2993106617647,183.24402573529412,183.00831801470588
61.25500919117647,86.58837316176471,79.31925551470589,66.49646139705882,79.06217830882353,75.06939338235294,23.04880514705882,25.02454044117647,24.090441176470588
123.65500919117648,123.65500919117648,123.65500919117648,97.75491727941177,97.75491727941177,97.75491727941177,115.78979779411765,115.78979779411765,115.78979779411765
232.63855698529412,232.9024356617647,233.41829044117648,223.275,226.65487132352942,225.30877757352943,213.71272977941177,221.3971507352941,218.27941176470588
180.09967830882354,172.5823069852941,178.7961856617647,179.09057904411765,177.4640625,178.60496323529412,132.82522977941176,119.58409926470588,125.16824448529412
149.88230698529412,154.77058823529413,150.24223345588234,114.28180147058823,111.25119485294118,110.10955882352941,115.57987132352942,128.81760110294118,122.06911764705882
143.94333639705883,142.95652573529412,147.00188419117646,176.17931985294118,170.92624080882354,174.76498161764707,159.08920036764707,157.48694852941176,163.22794117647058
208.61723345588234,193.02890625,204.84296875,163.9288143382353,120.85183823529412,144.70505514705883,146.58878676470587,95.65252757352941,123.16640625
176.79485294117646,182.47146139705882,180.4778492647059,60.23069852941177,85.16038602941177,75.33662683823529,139.90459558823528,171.02954963235294,158.37058823529412
158.14420955882352,158.04462316176472,159.01879595588235,108.02366727941177,92.38469669117647,94.88474264705883,56.47219669117647,36.82858455882353,40.32688419117647
148.30579044117647,50.17555147058823,98.30932904411765,161.76360294117646,64.55712316176471,112.79581801470589,128.7436580882353,61.233363970588236,97.08129595588235
37.35142463235294,39.379457720588235,38.08791360294118,49.97720588235294,53.139613970588236,51.77490808823529,45.23106617647059,45.04255514705882,47.25303308823529
12.90859375,12.90859375,12.90859375,10.342601102941176,10.342601102941176,10.342601102941176,15.29094669117647,15.29094669117647,15.29094669117647
202.98102022058825,223.6625919117647,213.90418198529412,187.93432904411765,181.21704963235294,197.14117647058825,184.98878676470588,176.21429227941175,196.1874080882353
209.1775275735294,139.5284926470588,200.38956801470587,139.46663602941177,207.94292279411764,179.7653492647059,207.4428768382353,138.5279411764706,199.51015625
199.6125919117647,194.11236213235293,201.97890625,154.51760110294117,182.39935661764707,182.36452205882352,202.7630055147059,202.15831801470588,205.01792279411765
94.64512867647059,142.75776654411766,97.97247242647059,110.54025735294118,154.41420036764706,113.15886948529412,57.782444852941175,89.37573529411765,59.82702205882353
172.52205882352942,152.07081801470588,162.21654411764706,154.703125,127.58501838235294,140.34545036764706,135.42775735294117,99.5640625,112.77495404411765
133.63676470588234,135.9639705882353,138.42366727941177,96.04499080882353,92.64393382352941,98.90514705882353,89.32734375,73.96838235294118,84.246875
65.06295955882354,25.731617647058822,45.08221507352941,86.4110294117647,40.90988051470588,55.246415441176474,85.55151654411765,31.00280330882353,43.21856617647059
153.83575367647057,150.09829963235293,155.06819852941177,195.34324448529412,169.59724264705883,181.02035845588236,173.69264705882352,175.94319852941177,175.09742647058823
159.14646139705883,143.2443474264706,154.28561580882354,170.15133272058824,158.88575367647059,170.04751838235293,161.1485294117647,150.05358455882353,161.70087316176472
52.93602941176471,112.25390625,80.64002757352941,53.609880514705885,64.05528492647059,61.09825367647059,24.748851102941178,31.320818014705882,25.064292279411763
187.84664522058824,248.00905330882352,186.67063419117648,105.02077205882352,205.76208639705882,102.13920036764706,82.42003676470588,188.3699448529412,76.80859375
34.35289522058824,46.782858455882355,39.17274816176471,86.97334558823529,92.23556985294118,87.24416360294117,79.08419117647058,80.85477941176471,76.75762867647059
35.29880514705882,9.868336397058824,27.328814338235293,57.62090992647059,17.79526654411765,42.46870404411764,41.52817095588235,8.729044117647058,27.95767463235294
227.70813419117647,237.26796875,230.0321231617647,215.63579963235293,212.7806525735294,194.70804227941176,227.41452205882354,236.66957720588235,228.5901194852941
211.99632352941177,212.5607536764706,213.90390625,152.10340073529412,157.9264705882353,154.06052389705883,202.45078125,103.62192095588236,162.41916360294118
145.56507352941176,72.71879595588236,105.53943014705882,182.83552389705883,105.50749080882353,138.37927389705882,153.04549632352942,67.96999080882352,108.25721507352941
141.27495404411764,132.87541360294117,134.2296875,138.33492647058824,130.26277573529413,131.11217830882353,204.28042279411764,165.63276654411766,180.31291360294117
214.87651654411764,223.40170036764707,216.9147518382353,176.50886948529413,180.51098345588235,177.15487132352942,145.9642463235294,134.87357536764705,136.96167279411765
42.59021139705882,52.727297794117646,48.61300551470588,83.36420036764706,115.00772058823529,98.11139705882353,41.18033088235294,49.42357536764706,46.50372242647059
148.13621323529412,161.5280330882353,158.21227022058824,86.00454963235295,101.23115808823529,98.82564338235294,27.782306985294117,65.41038602941177,58.07311580882353
110.74880514705882,56.85395220588235,92.18028492647059,141.10818014705882,112.08786764705883,128.03864889705883,176.60441176470587,158.04613970588235,166.81387867647058
184.2725643382353,79.35257352941177,147.86498161764706,141.93102022058824,61.78267463235294,121.24889705882353,172.36107536764706,65.51925551470588,134.45032169117647
252.29255514705883,251.9250919117647,252.16557904411764,244.34485294117647,236.77715992647057,240.75358455882352,224.59149816176472,203.91548713235295,207.43295036764707
197.1067555147059,183.44898897058823,195.69857536764707,196.58851102941176,129.17348345588235,174.55183823529413,184.96488970588234,167.7967830882353,176.15500919117648
142.9865349264706,98.6063419117647,122.69820772058823,100.53795955882353,120.00762867647059,107.77550551470588,68.05358455882353,95.37284007352942,73.45726102941177
142.4797794117647,82.00128676470588,110.91056985294118,146.73331801470587,100.11617647058823,121.42660845588236,113.92633272058823,77.23359375,94.1045955882353
2.3690716911764707,18.28547794117647,2.6098345588235294,19.674724264705883,55.21746323529412,24.469025735294117,6.7784466911764705,17.845220588235293,9.90330882352941
53.772242647058825,20.86034007352941,34.428722426470586,62.04682904411764,31.58327205882353,46.14779411764706,44.784604779411765,22.550367647058824,33.02426470588235
85.93253676470589,68.76902573529412,68.33276654411765,154.99995404411766,106.78143382352941,113.67426470588235,107.28446691176471,80.32527573529411,84.99751838235294
61.5813419117647,32.86916360294118,54.40271139705882,49.14609375,37.190854779411765,57.86590073529412,43.03345588235294,49.69168198529412,50.99439338235294
217.07826286764706,216.06047794117646,209.72045036764706,189.52077205882352,194.73667279411765,179.57136948529413,166.82201286764706,199.56346507352941,186.12633272058824
74.35376838235294,41.055193014705885,59.02421875,118.65257352941177,81.14388786764705,101.41364889705882,143.85974264705882,82.68079044117647,114.42518382352941
127.93198529411765,120.84848345588236,121.26401654411765,80.86263786764705,50.75078125,57.531801470588235,109.7282169117647,74.94522058823529,83.18800551470588
44.38841911764706,42.85919117647059,43.034191176470586,69.22536764705882,60.01585477941177,60.63423713235294,51.97251838235294,52.706295955882354,51.78079044117647
22.675045955882354,4.700229779411765,14.372426470588236,88.98207720588235,10.332582720588235,48.39825367647059,80.20845588235294,9.159742647058824,40.61190257352941
150.88520220588236,215.30519301470588,187.80454963235294,79.22159926470589,144.575,125.55326286764706,35.128998161764706,103.33575367647059,88.69568014705882
110.684375,95.21328125,101.45298713235294,108.8571231617647,54.461948529411764,79.81613051470588,119.93327205882353,78.37536764705882,100.02679227941177
89.82624080882353,73.71994485294118,95.98648897058824,105.27357536764706,110.55179227941177,107.87169117647059,47.409420955882354,48.31286764705882,46.52881433823529
33.79122242647059,72.40390625,65.13763786764706,40.84499080882353,73.90863970588235,68.38295036764706,52.18727022058823,78.40684742647059,73.4283088235294
97.50004595588236,96.69554227941177,97.07375919117646,175.44944852941177,173.67155330882352,174.865625,78.38566176470589,77.94462316176471,78.23501838235295
46.602527573529414,44.01034007352941,43.679181985294115,98.18685661764705,65.37826286764705,79.00491727941177,122.59397977941177,64.93515625,86.81815257352942
53.91346507352941,65.48529411764706,58.54926470588235,60.422380514705885,64.72550551470589,59.6217830882353,104.41842830882354,110.48042279411764,105.99287683823529
99.2609375,158.93566176470588,138.55859375,119.58988970588236,151.20436580882352,141.17660845588236,49.29774816176471,60.703676470588235,56.26608455882353
128.25611213235294,90.37591911764706,101.27941176470588,96.95827205882352,54.13373161764706,69.83874080882353,43.5905330882353,39.22826286764706,42.02794117647059
97.31833639705883,64.95946691176471,72.33060661764706,73.86594669117648,54.6725643382353,58.163097426470586,69.53469669117646,40.258363970588235,47.15560661764706
7.462959558823529,4.743198529411765,6.4437959558823525,49.76686580882353,43.20914522058823,45.858639705882354,76.54747242647059,68.6119025735294,71.14021139705882
112.10372242647058,52.011626838235294,75.75551470588235,146.89977022058824,88.24113051470589,114.12389705882353,181.97444852941177,144.7502757352941,160.29223345588235
193.37242647058824,236.89765625,221.89659926470588,180.72950367647059,213.70744485294117,201.55445772058823,183.82945772058824,215.79664522058823,203.99034926470588
13.904090073529412,16.561672794117648,13.42155330882353,43.462775735294116,33.8703125,35.76971507352941,45.98704044117647,36.82265625,38.194301470588236
11.527527573529412,29.497564338235293,21.2234375,35.50147058823529,32.7875,34.567417279411764,12.081433823529412,14.153079044117646,13.572564338235294
105.86925551470588,105.86925551470588,105.86925551470588,142.09361213235294,142.09361213235294,142.09361213235294,146.96879595588234,146.96879595588234,146.96879595588234
40.495772058823526,20.251838235294116,33.88340992647059,33.92945772058823,16.791819852941178,27.7328125,61.034375,27.275551470588237,44.79724264705882
191.63451286764706,157.24839154411765,173.41507352941176,141.32807904411766,89.03561580882354,109.1392463235294,102.96925551470588,71.65110294117648,83.12320772058824
55.655744485294115,56.470588235294116,56.16603860294118,99.12954963235295,100.32417279411764,99.96429227941177,94.41613051470588,80.90110294117648,87.98446691176471
37.31420036764706,25.838786764705883,38.76580882352941,40.7506893382353,29.297242647058823,42.70762867647059,40.34347426470588,31.96075367647059,45.758961397058826
106.8225643382353,92.91677389705882,100.46783088235294,116.20827205882352,107.9421875,111.05514705882354,77.15629595588236,71.02863051470588,79.08014705882353
60.15151654411765,38.13340992647059,42.75657169117647,52.60652573529412,44.124448529411765,46.43249080882353,42.944806985294115,46.62582720588235,44.49025735294118
129.01479779411764,102.04466911764706,122.2053768382353,124.91475183823529,100.09480698529411,119.29489889705883,117.56020220588235,91.07798713235294,110.765625
34.30905330882353,2.771645220588235,10.82715992647059,56.323069852941174,6.2515625,19.163189338235295,31.612867647058824,4.485799632352941,11.565303308823529
49.20009191176471,28.92950367647059,47.67467830882353,114.83111213235294,105.57362132352941,115.33589154411764,109.03823529411764,76.60340073529412,94.18295036764705
178.07945772058824,19.699126838235294,81.93625919117648,164.67945772058823,16.23809742647059,71.20275735294118,179.30248161764706,15.755652573529412,84.1766544117647
179.84646139705882,136.54223345588235,132.63157169117648,157.26966911764706,122.82982536764706,117.81075367647058,117.46167279411765,93.30818014705882,90.39742647058823
53.79237132352941,40.68713235294118,51.80473345588236,70.45583639705882,58.29986213235294,65.92766544117647,102.28984375,81.33189338235294,88.86571691176471
161.15661764705882,106.99880514705882,133.52058823529413,143.89379595588235,141.03092830882352,143.87182904411765,181.73864889705882,196.9362132352941,192.08561580882352
123.46714154411765,98.02624080882353,113.06608455882353,120.8030330882353,99.43060661764706,111.38267463235294,105.45542279411765,104.29981617647059,104.10519301470588
16.979319852941178,20.206755514705883,19.16029411764706,38.01773897058823,30.795863970588236,34.37844669117647,16.19122242647059,9.75983455882353,12.510615808823529
227.29067095588235,223.26994485294117,225.7126838235294,190.6085018382353,178.7048713235294,184.39485294117648,130.24076286764705,123.75588235294117,127.51254595588236
204.91980698529412,154.62306985294117,181.30602022058824,174.1393382352941,146.84811580882354,159.39738051470587,151.17026654411765,134.62757352941176,141.15013786764706
97.79485294117647,97.79485294117647,97.79485294117647,82.06070772058824,82.06070772058824,82.06070772058824,82.45845588235294,82.45845588235294,82.45845588235294
144.96056985294118,130.12348345588236,134.4474724264706,180.28019301470587,169.03474264705883,171.97173713235293,182.128125,174.06599264705883,175.89342830882353
132.35845588235293,118.66966911764706,121.68823529411765,99.7671875,78.81277573529412,83.82426470588236,53.79016544117647,111.29232536764705,94.04016544117647
169.04728860294117,169.89866727941177,170.9153492647059,119.50022977941177,80.18207720588235,96.40050551470588,65.69453125,42.74940257352941,56.38262867647059
93.60749080882353,38.29076286764706,51.889613970588236,73.52890625,37.09871323529412,44.96902573529412,91.66939338235294,46.05703125,55.89306066176471
69.67610294117647,60.79862132352941,69.73340992647059,81.34613970588235,64.37426470588235,74.16806066176471,52.73051470588236,42.758961397058826,54.527251838235294
221.65965073529412,221.79912683823528,221.79163602941176,236.7809742647059,240.16939338235295,238.49034926470588,226.78699448529412,229.5125,228.2096507352941
200.37637867647058,208.9750919117647,203.21709558823528,113.21070772058823,103.31626838235294,106.79806985294118,42.11410845588235,38.384007352941175,39.532444852941175
88.40620404411764,33.014659926470586,67.12909007352941,50.897472426470586,14.152941176470588,31.291268382352943,30.878952205882353,9.733501838235295,20.966222426470587
77.86153492647058,30.170863970588236,35.296553308823526,83.95703125,26.416498161764707,31.24347426470588,73.22536764705882,22.507904411764706,26.422150735294117
189.6841911764706,23.25735294117647,72.87614889705883,208.23575367647058,16.464430147058824,69.70693933823529,132.76810661764705,67.0259650735294,81.32486213235295
154.89857536764706,151.5336856617647,154.83547794117646,103.61727941176471,94.75055147058823,102.17982536764706,171.26626838235293,159.56286764705882,168.84439338235293
157.80863970588234,96.35978860294118,121.41415441176471,150.86939338235294,115.96999080882352,132.87247242647058,95.61663602941177,59.79283088235294,75.32738970588235
207.98295036764705,208.85905330882352,210.37293198529412,179.1613051470588,175.0418198529412,177.71723345588236,170.18221507352942,156.05183823529413,161.89862132352943
168.60050551470587,147.4578125,154.83676470588236,187.7608455882353,159.69972426470588,170.23216911764706,191.38685661764706,168.55592830882352,178.20289522058823
203.50629595588236,205.16374080882352,204.10827205882353,117.57481617647059,166.00395220588234,136.6886488970588,196.08520220588235,180.0027573529412,185.99379595588235
220.83382352941177,217.96323529411765,221.52224264705882,78.11737132352941,78.35091911764705,86.18318014705882,103.16456801470588,102.71001838235294,110.63033088235294
94.33308823529411,101.80041360294118,98.61769301470588,85.38042279411765,89.58262867647059,87.3897518382353,61.28313419117647,71.54517463235294,66.04568014705882
218.4435661764706,225.5000919117647,221.4735294117647,192.42844669117648,163.26424632352942,176.56144301470587,215.4212775735294,235.07169117647058,224.68382352941177
127.36833639705883,186.1458180147059,163.1472886029412,119.87279411764706,176.04898897058823,149.0041819852941,190.60983455882354,185.9134650735294,185.68795955882354
126.07959558823529,126.42421875,134.3609375,113.46686580882353,115.00703125,123.0243106617647,138.9787224264706,137.60317095588235,142.6947150735294
123.14535845588236,103.08625919117647,110.26139705882353,140.13056066176472,109.39871323529412,121.53267463235294,83.32270220588235,58.917876838235294,68.79273897058823
209.07164522058824,148.08529411764707,181.8014705882353,223.9933363970588,194.12789522058824,210.4022518382353,230.6868106617647,223.48469669117648,226.13299632352943
102.63795955882352,92.66916360294118,94.79581801470589,77.4009650735294,64.16415441176471,69.56691176470588,63.33189338235294,24.000827205882352,40.3014705882353
82.26295955882352,126.82568933823529,21.191773897058823,67.79397977941177,149.32738970588235,34.180836397058826,48.997748161764704,161.1471507352941,38.892233455882355
81.14379595588235,77.95041360294118,79.03920036764706,111.94016544117648,118.10951286764706,118.38074448529412,98.49379595588235,106.8,106.86254595588235
229.96838235294118,230.42757352941177,230.7996323529412,193.98276654411765,196.48405330882352,191.43745404411766,211.53598345588236,213.90257352941177,212.12012867647059
197.83382352941177,193.0011488970588,197.25082720588236,189.01516544117646,188.49829963235294,188.31626838235294,167.79806985294118,155.9534007352941,157.3914981617647
153.66107536764707,86.65551470588235,116.67467830882353,156.42610294117648,104.26663602941177,132.02247242647059,174.0477481617647,93.9547794117647,137.87913602941177
179.19903492647057,107.54034926470588,94.5220588235294,182.62601102941176,116.97421875,104.37054227941177,189.67807904411765,131.77205882352942,121.60220588235295
99.1275275735294,60.38607536764706,70.02628676470589,83.80923713235295,70.89650735294117,80.14379595588235,112.83359375,96.2056525735294,110.03943014705882
57.407261029411764,12.534788602941177,4.176148897058823,76.23685661764706,37.15514705882353,2.3697610294117646,17.31737132352941,10.569255514705882,1.0637867647058823
144.00620404411765,59.684558823529414,85.52536764705883,148.39117647058825,63.33189338235294,90.02049632352941,132.41888786764707,50.199724264705885,74.82578125
36.76323529411765,151.74719669117647,113.44375,28.390992647058823,110.13915441176471,76.13423713235294,12.316498161764706,46.73239889705882,25.798529411764704
91.95183823529412,12.411167279411766,34.49264705882353,111.77867647058824,39.29889705882353,65.79747242647059,50.782904411764704,21.16994485294118,29.377435661764707
48.98235294117647,69.94949448529412,65.92633272058823,127.98644301470588,122.48814338235294,129.93019301470588,84.80298713235294,50.55923713235294,60.26778492647059
59.16603860294118,51.501148897058826,56.613189338235294,89.09862132352941,86.06139705882353,86.46746323529412,152.00592830882354,142.1514705882353,151.62421875
28.08189338235294,40.781755514705885,26.553952205882354,28.500091911764706,21.899172794117646,23.424126838235296,15.24733455882353,8.899908088235295,12.728768382352941
46.76516544117647,40.648988970588235,45.89995404411765,66.90528492647059,49.42109375,58.74673713235294,57.42688419117647,21.125689338235293,37.814108455882355
102.79186580882353,135.44007352941176,118.99581801470588,128.0420955882353,166.38970588235293,141.35795036764705,114.45739889705882,136.65395220588235,124.77357536764706
193.53391544117648,160.87660845588235,175.72840073529412,166.64705882352942,123.54554227941176,142.3796875,176.0092830882353,135.6247242647059,154.86769301470588
28.168520220588235,28.856663602941175,28.357261029411763,31.01608455882353,25.051194852941176,29.43671875,39.44329044117647,31.999586397058824,36.71447610294118
80.38901654411765,80.38901654411765,80.38901654411765,79.68368566176471,79.68368566176471,79.68368566176471,122.20712316176471,122.20712316176471,122.20712316176471
82.96066176470588,81.87242647058824,86.96727941176471,81.20666360294118,84.11346507352941,88.44411764705882,109.96369485294117,118.01911764705882,121.84260110294117
